Business Name,Address,Phone Number,Facility Type,Priority
1Care Hospice Arizona,"8687 E VIA DE VENTURA STE 111, SCOTTSDALE, AZ 85258-3353",480-590-2367,Hospice,Medium
A AND B HOSPICE INC,"3275 W INA RD STE 115, TUCSON, AZ 85741-2152",480-696-8726,Hospice,Medium
A TLC HOSPICE LLC,"3960 E RIGGS RD STE 3, CHANDLER, AZ 85249-5411",480-687-2892,Hospice,Medium
Ability Hospice,"4710 E FALCON DR STE 201, MESA, AZ 85215-2504",480-447-9049,Hospice,Medium
ACACIA HOSPICE CARE OF LAKE HAVASU INC,"1930 MESQUITE AVE STE 9, LAKE HAVASU CITY, AZ 86403-5772",928-770-5580,Hospice,Medium
"Acacia Hospice Care, Inc","107 E 24TH ST, YUMA, AZ 85364-8544",623-329-2676,Hospice,Medium
"ACCENTURE HOSPICE, LLC","1842 W GRANT RD STE 10, TUCSON, AZ 85745-1219",520-668-4978,Hospice,Medium
"ACCORD HOSPICE OF SEDONA VALLEY, LLC","2155 W STATE ROUTE 89A # SUI, SEDONA, AZ 86336-5468",928-278-4134,Hospice,Medium
"Accord Hospice Of The White Mountains, LLC","5300 S SUTTER DR, SHOW LOW, AZ 85901-8054",928-271-8013,Hospice,Medium
ADVENT HOSPICE LLC,"4025 E CHANDLER BLVD, PHOENIX, AZ 85048-8829",602-824-8730,Hospice,Medium
"ADVISACARE HOSPICE, LLC","1757 E BASELINE RD, GILBERT, AZ 85233-1532",480-284-4600,Hospice,Medium
ADVOCATE HOSPICE,"7600 N 16TH ST, PHOENIX, AZ 85020-4431",602-830-0605,Hospice,Medium
"AEGIS HOSPICE, INC (031613)","4950 S LINDSAY RD, CHANDLER, AZ 85249-9203",480-219-4790,Hospice,Medium
"Aegis Hospice, Inc.","7227 E BASELINE RD STE 129, MESA, AZ 85209-5006",480-219-4790,Hospice,Medium
Affinity Hospice Care Inc,"4400 E BROADWAY BLVD, TUCSON, AZ 85711-3517",520-230-1220,Hospice,Medium
AGAPE HOSPICE & PALLIATIVE CARE,"4400 E BROADWAY BLVD, TUCSON, AZ 85711-3517",520-207-5817,Hospice,Medium
AGAPE HOSPICE PINAL COUNTY,"520 N CAMINO MERCADO STE 11, CASA GRANDE, AZ 85122-5754",480-750-1440,Hospice,Medium
Agave HOSPICE,"3240 E UNION HILLS DR # SU, PHOENIX, AZ 85050-2609",602-855-3500,Hospice,Medium
ALAGA HOSPICE LLC,"3250 GATEWAY BLVD STE 112, PRESCOTT, AZ 86303-6856",708-248-0352,Hospice,Medium
ALBRIGHT HOSPICE INC,"7150 E CAMELBACK RD STE 4, SCOTTSDALE, AZ 85251-1200",480-550-9382,Hospice,Medium
ALECA HOSPICE,"8502 E PRINCESS DR, SCOTTSDALE, AZ 85255-7802",480-748-4300,Hospice,Medium
ALL CARE HOSPICE INC,"8712 E VISTA BONITA DR, SCOTTSDALE, AZ 85255-4299",480-582-4110,Hospice,Medium
ALL HEART HOSPICE LLC,"105 N PASADENA ST # SUI, GILBERT, AZ 85233-5013",480-246-3593,Hospice,Medium
ALL TIME HOSPICE CARE INC,"13231 N 35TH AVE STE A11-C, PHOENIX, AZ 85029-1233",747-877-9357,Hospice,Medium
ALLEGIANCE HOSPICE,"5060 N 19TH AVE STE 406, PHOENIX, AZ 85015-3214",602-684-2962,Hospice,Medium
ALWAYS PRESENT HOSPICE,"1400 N GILBERT RD, GILBERT, AZ 85234-2328",480-907-9737,Hospice,Medium
Amedisys Hospice,"1585 E RIVER RD STE 20, TUCSON, AZ 85718-5978",520-205-7700,Hospice,Medium
AMERICAN CARE CONCEPTS HOSPICE LLC,"105 N PASADENA ST # SUI, GILBERT, AZ 85233-5013",602-902-1982,Hospice,Medium
"AMERICAN PREMIER HOSPICE, LLC","11070 N 24TH AVE STE 200, PHOENIX, AZ 85029-4705",602-795-9480,Hospice,Medium
AMERICARE HOSPICE AND PALLIATIVE CARE,"1212 N SPENCER # SUI, MESA, AZ 85203-4347",480-726-7773,Hospice,Medium
"Amha Hospice, LLC","2577 W QUEEN CREEK RD STE 200A, CHANDLER, AZ 85248-0913",480-359-3998,Hospice,Medium
Angels Care Hospice,"1000 WILLOW CREEK RD, PRESCOTT, AZ 86301-1645",928-379-2887,Hospice,Medium
ANGELS HEART HOSPICE INC,"722 E OSBORN RD STE 30, PHOENIX, AZ 85014-5245",480-741-4604,Hospice,Medium
Angels Touch Hospice Care Inc,"1940 E THUNDERBIRD RD STE 101, PHOENIX, AZ 85022-5760",602-327-4386,Hospice,Medium
Anthem Hospice Care,"105 N PASADENA ST # SUI, GILBERT, AZ 85233-5013",480-588-5777,Hospice,Medium
APOLLO HOSPICE INC,"14631 N CAVE CREEK RD, PHOENIX, AZ 85022-4159",818-851-6060,Hospice,Medium
Aquarius Hospice,"11225 N 28TH DR STE A204, PHOENIX, AZ 85029-5631",602-466-3686,Hospice,Medium
ARA HOSPICE CARE INC,"4150 E PEORIA, STE 114-A, PHOENIX, AZ 85029",480-300-3130,Hospice,Medium
"Arch Hospice, Llc","10210 N 32ND ST STE C202, PHOENIX, AZ 85028-3827",480-229-8298,Hospice,Medium
ARDENT HOSPICE LLC,"1256 W CHANDLER BLVD, CHANDLER, AZ 85224-5207",480-851-0380,Hospice,Medium
Aria Hospice Comfort Care,"7225 N MONA LISA RD # SUI, TUCSON, AZ 85741-4529",520-547-7000,Hospice,Medium
ARISTA HOSPICE,"1636 N SWAN RD STE 250, TUCSON, AZ 85712-4000",520-333-0333,Hospice,Medium
"Arizona American Hospice, Llc","3101 N CENTRAL AVE STE 770, PHOENIX, AZ 85012-2665",480-500-8544,Hospice,Medium
"Arizona Best Hospice, LLC","250 W 24TH ST STE P, YUMA, AZ 85364-8506",928-783-0705,Hospice,Medium
Arizona Care Hospice,"1100 N BEELINE HWY, PAYSON, AZ 85541-3766",928-474-3721,Hospice,Medium
ARIZONA CARE HOSPICE,"12035 N SAGUARO BLVD, FOUNTAIN HILLS, AZ 85268-4682",480-588-8200,Hospice,Medium
ARIZONA HOSPICE CARE INC,"13201 N 35TH AVE STE B9Z, PHOENIX, AZ 85029-1222",623-323-5199,Hospice,Medium
Arizona Life Hospice,"4824 E BASELINE RD, MESA, AZ 85206-4676",480-888-5609,Hospice,Medium
Arizona Life Hospice - Mohave,"5225 S HIGHWAY 95 STE 7, FORT MOHAVE, AZ 86426-9111",480-888-5609,Hospice,Medium
Arizona Life Hospice – Yavapai,"3177 CLEARWATER DR STE B, PRESCOTT, AZ 86305-7272",480-888-5609,Hospice,Medium
ARIZONA PROFESSIONAL HOSPICE CARE,"11225 N 28TH DR, PHOENIX, AZ 85029-5606",602-334-5778,Hospice,Medium
ASCENSION HOSPICE LLC,"6263 N SCOTTSDALE RD STE 1, SCOTTSDALE, AZ 85250-5406",602-325-6630,Hospice,Medium
ASPEN HOSPICE,"17505 N 79TH AVE, GLENDALE, AZ 85308-8725",602-609-6777,Hospice,Medium
ASSISTED HOSPICE CARE,"1420 E MISSOURI AVE # SUI, PHOENIX, AZ 85014-2405",480-860-2345,Hospice,Medium
"Assisteo Hospice, LLC","2929 N 44TH ST, PHOENIX, AZ 85018-7238",602-455-1823,Hospice,Medium
"Assisteo North Hospice, LLC","919 12TH PL STE 6, PRESCOTT, AZ 86305-1433",928-277-1345,Hospice,Medium
Astra Hospice Care,"3420 E SHEA BLVD, PHOENIX, AZ 85028-3345",480-645-9660,Hospice,Medium
AURORA HOSPICE LLC,"1930 S ALMA SCHOOL RD, MESA, AZ 85210-3064",480-564-1058,Hospice,Medium
AVESTA HOSPICE INC,"312 N ALMA SCHOOL RD # SU, CHANDLER, AZ 85224-4354",602-820-8168,Hospice,Medium
AVIANT HOSPICE GILA,"136 S BROAD ST, GLOBE, AZ 85501-2602",928-425-5400,Hospice,Medium
AVIANT HOSPICE MARICOPA,"2430 W RAY RD STE 3A, CHANDLER, AZ 85224-3552",480-398-3018,Hospice,Medium
AVIANT HOSPICE PHOENIX,"1400 N GILBERT RD, GILBERT, AZ 85234-2328",480-398-2411,Hospice,Medium
AVIANT HOSPICE YAVAPAI,"1756 E VILLA DR STE C, COTTONWOOD, AZ 86326-4705",928-634-1073,Hospice,Medium
AZ HOSPICE CARE INC,"1825 E NORTHERN AVE # SUI, PHOENIX, AZ 85020-3940",480-645-9640,Hospice,Medium
AZ SUNSET HOSPICE,"4045 E UNION HILLS DR, PHOENIX, AZ 85050-3386",480-544-9334,Hospice,Medium
AZORNA HOSPICE AND PALLIATIVE CARE,"2919 S ELLSWORTH RD # SUI, MESA, AZ 85212-2164",480-637-4100,Hospice,Medium
AZORNA HOSPICE AND PALLIATIVE CARE OF TUCSON,"1 S CHURCH AVE STE 1, TUCSON, AZ 85701-1612",818-960-9634,Hospice,Medium
Bayada Hospice,"7070 N ORACLE RD STE 110, TUCSON, AZ 85704-4338",520-369-4560,Hospice,Medium
BEACON OF HOPE HOSPICE,"1760 MCCULLOCH BLVD N, LAKE HAVASU CITY, AZ 86403-6976",928-854-4200,Hospice,Medium
Beacon Of Hope Hospice,"3550 NORTH LN, BULLHEAD CITY, AZ 86442-9114",928-854-4200,Hospice,Medium
BELIEF HOSPICE,"1930 S ALMA SCHOOL RD # SUI, MESA, AZ 85210-3064",480-845-8088,Hospice,Medium
Best Support Hospice Inc,"4150 W PEORIA AVE STE B130-D, PHOENIX, AZ 85029-3945",602-960-6027,Hospice,Medium
BILLET HOSPICE INC- BULLHEAD CITY,"1954 HIGHWAY 95 STE 2B, BULLHEAD CITY, AZ 86442-6751",844-824-3577,Hospice,Medium
BILLET HOSPICE INC- PEORIA,"6718 W GREENWAY RD, PEORIA, AZ 85381-4583",833-224-5538,Hospice,Medium
"Billet Hospice, Inc - Phoenix","5540 W GLENDALE AVE STE C, GLENDALE, AZ 85301-2550",833-224-5538,Hospice,Medium
BLISS HOSPICE LLC,"2550 W UNION HILLS DR # 3, PHOENIX, AZ 85027-5163",602-492-1643,Hospice,Medium
BLUE HAVEN HOSPICE CARE INC,"4150 W PEORIA AVE STE B114, PHOENIX, AZ 85029-3945",480-885-5119,Hospice,Medium
BLUE SKY HOSPICE CARE INC,"4150 W PEORIA AVE STE B114C, PHOENIX, AZ 85029-3945",480-885-5283,Hospice,Medium
"Blue Sky Hospice, Inc","8035 E BROWN RD STE 20, MESA, AZ 85207-3901",480-389-2484,Hospice,Medium
Bright Life Care Hospice Llc,"10000 N 31ST AVE STE C216, PHOENIX, AZ 85051-9628",602-607-5017,Hospice,Medium
BRISTOL HOSPICE - TUCSON,"5210 E WILLIAMS CIR STE 530, TUCSON, AZ 85711-4459",520-300-9337,Hospice,Medium
Canyon Hospice,"2031 HIGHWAY 95, BULLHEAD CITY, AZ 86442-6004",928-605-4009,Hospice,Medium
"Care Plus Hospice Care, Llc","10290 N 92ND ST, SCOTTSDALE, AZ 85258-4522",623-476-9198,Hospice,Medium
CARELIFE HOSPICE LLC,"16042 N 32ND ST STE C4-C, PHOENIX, AZ 85032-0027",480-234-3568,Hospice,Medium
"Caring Hands Palliative And Hospice Care, Inc","10000 N 31ST AVE STE D119, PHOENIX, AZ 85051-9582",602-742-0370,Hospice,Medium
CASA DE LA LUZ HOSPICE,"7740 N ORACLE RD, TUCSON, AZ 85704-6313",337-233-1307,Hospice,Medium
CASA DE LA PAZ HOSPICE,"49 N CORONADO DR, SIERRA VISTA, AZ 85635-6346",337-233-1307,Hospice,Medium
CASA HOSPICE AT THE HACIENDA,"2720 E RIVER RD, TUCSON, AZ 85718-6636",520-544-9890,Hospice,Medium
CATALINA HOSPICE PLLC,"3980 N CAMPBELL AVE, TUCSON, AZ 85719-1460",520-999-5903,Hospice,Medium
"CHARLES WM. LEIGHTON, JR. HOSPICE, INC.","524 W MALEY PL, WILLCOX, AZ 85643-2042",520-384-5878,Hospice,Medium
Choice Hospice,"2111 E HIGHLAND AVE # SUI, PHOENIX, AZ 85016-4741",602-795-9705,Hospice,Medium
COMFORTING HOSPICE CENTER INC,"4150 W PEORIA AVE, PHOENIX, AZ 85029-3900",480-674-0540,Hospice,Medium
Copper State Hospice Inc,"1 S CHURCH AVE, TUCSON, AZ 85701-1612",520-612-2181,Hospice,Medium
CORNERSTONE HOSPICE INC,"4600 E WASHINGTON ST, PHOENIX, AZ 85034-1903",480-666-3964,Hospice,Medium
Creek View Hospice LLC,"4657 E COTTON GIN LOOP, PHOENIX, AZ 85040-8830",602-603-5165,Hospice,Medium
"D'AMORE HOSPICE, LLC","10000 N 31ST AVE, PHOENIX, AZ 85051-9582",602-612-4111,Hospice,Medium
"DEPENDABLE HOSPICE AND PALLIATIVE CARE, LLC","1141 N EL DORADO PL # SU, TUCSON, AZ 85715-4623",520-901-5200,Hospice,Medium
Desert Harmony Hospice of Tucson,"310 S WILLIAMS BLVD STE 210, TUCSON, AZ 85711-4483",520-284-9334,Hospice,Medium
"DESERT SKY HOSPICE, LLC","2737 E GREENWAY RD, PHOENIX, AZ 85032-4391",602-899-9068,Hospice,Medium
Desert Valley Hospice Llc,"20045 N 19TH AVE, PHOENIX, AZ 85027-4252",602-999-0960,Hospice,Medium
Devoted Hospice Care Inc,"4150 W PEORIA AVE STE B, PHOENIX, AZ 85029-3900",602-742-0335,Hospice,Medium
DIGNITY HOSPICE,"1 W DEER VALLEY RD STE 1, PHOENIX, AZ 85027-2128",602-402-6619,Hospice,Medium
"Divine Hospice and Palliative Care, LLC","18185 N 83RD AVE STE 203, GLENDALE, AZ 85308-0523",623-566-7995,Hospice,Medium
Doctors Choice Hospice LLC,"60 E RIO SALADO PKWY # SU, TEMPE, AZ 85281-9124",480-240-0278,Hospice,Medium
E&E HOSPICE CARE INC,"4150 W PEORIA AVE, PHOENIX, AZ 85029-3900",602-922-4373,Hospice,Medium
Eden Hospice,"1491 W THATCHER BLVD, SAFFORD, AZ 85546-3362",928-432-6255,Hospice,Medium
EDEN HOSPICE,"4066 E MONSANTO DR, SIERRA VISTA, AZ 85650-8512",360-892-6628,Hospice,Medium
EDEN HOSPICE CARE INC,"1129 W IRON SPRINGS RD STE 109, PRESCOTT, AZ 86305-1623",928-482-2490,Hospice,Medium
ELEVATE HOSPICE AND PALLIATIVE CARE LLC,"7010 E ACOMA DR STE 1, SCOTTSDALE, AZ 85254-3553",480-800-4816,Hospice,Medium
EMBLEM HOSPICE,"1400 E SOUTHERN AVE, TEMPE, AZ 85282-5691",480-444-7800,Hospice,Medium
Emblem Hospice Central,"301 E BETHANY HOME RD # SU, PHOENIX, AZ 85012-1263",623-847-2323,Hospice,Medium
Emblem Hospice Green Valley,"210 W CONTINENTAL RD STE 176, GREEN VALLEY, AZ 85622-3329",520-615-3996,Hospice,Medium
Emblem Hospice Tucson,"1880 E RIVER RD, TUCSON, AZ 85718-5994",520-297-1460,Hospice,Medium
EMBLEM HOSPICE WEST,"301 E BETHANY HOME RD, PHOENIX, AZ 85012-1263",623-322-8686,Hospice,Medium
"EMPEROR HOSPICE OF ARIZONA, INC","1839 S ALMA SCHOOL RD, MESA, AZ 85210-3023",602-609-2555,Hospice,Medium
"Empress Care Hospice, Inc","1839 S ALMA SCHOOL RD STE 170, MESA, AZ 85210-3025",602-809-2911,Hospice,Medium
ENCORE HOSPICE LLC,"4122 W INNOVATIVE DR STE 10, PHOENIX, AZ 85086-3846",623-248-6636,Hospice,Medium
Endeavor Hospice,"4858 E BASELINE RD STE 104, MESA, AZ 85206-4638",480-674-8228,Hospice,Medium
Enhabit Hospice,"1635 N GREENFIELD RD # SU, MESA, AZ 85205-4005",480-407-4597,Hospice,Medium
ENHABIT HOSPICE,"5701 W TALAVI BLVD, GLENDALE, AZ 85306-1886",623-335-6601,Hospice,Medium
Eternity Hospice & Palliative Care,"4140 N 108TH AVE, PHOENIX, AZ 85037-5466",602-374-6878,Hospice,Medium
Everest Hospice,"14970 W INDIAN SCHOOL RD # SU, GOODYEAR, AZ 85395-7818",623-282-9255,Hospice,Medium
EVERGREEN HOSPICE LLC,"1930 S ALMA SCHOOL RD, MESA, AZ 85210-3064",480-845-8182,Hospice,Medium
Expert Hospice Care Inc,"11811 N TATUM BLVD STE 3031, PHOENIX, AZ 85028-1621",602-805-9400,Hospice,Medium
FAITH HOSPICE,"426 N 44TH ST STE 4, PHOENIX, AZ 85008-6508",602-476-2047,Hospice,Medium
FAMILY CARE HOSPICE,"2580 HIGHWAY 95 STE 201, BULLHEAD CITY, AZ 86442-7329",928-299-5100,Hospice,Medium
FAMILY CARE HOSPICE,"1695 MESQUITE AVE STE 108, LAKE HAVASU CITY, AZ 86403-5684",928-299-5100,Hospice,Medium
FAMILY CARE HOSPICE INC,"3420 E SHEA BLVD, PHOENIX, AZ 85028-3345",602-805-7940,Hospice,Medium
FAMILY COMFORT HOSPICE CARE INC,"4150 W PEORIA AVE, PHOENIX, AZ 85029-3900",480-674-6551,Hospice,Medium
"Family First Hospice, Inc","11225 N 28TH DR STE B111, PHOENIX, AZ 85029-5605",480-482-1833,Hospice,Medium
FIRST COMFORT HOSPICE INC,"13416 N 32ND ST, PHOENIX, AZ 85032-6000",747-666-1891,Hospice,Medium
Four Star Hospice Care,"2222 S DOBSON RD, MESA, AZ 85202-6481",480-597-5576,Hospice,Medium
G AND S HOSPICE INC,"1 S CHURCH AVE STE 1, TUCSON, AZ 85701-1612",520-416-6637,Hospice,Medium
Garnet Hospice Care Inc,"13416 N 32ND ST, PHOENIX, AZ 85032-6000",602-887-3040,Hospice,Medium
GENTLE TOUCH PALLIATIVE & HOSPICE CARE INC,"4150 W PEORIA AVE STE B1, PHOENIX, AZ 85029-3900",602-922-0236,Hospice,Medium
Global Hospice Arizona,"9915 E BELL RD STE 114, SCOTTSDALE, AZ 85260-2395",480-716-1119,Hospice,Medium
"Golden Care Hospice, LLC","2320 W PEORIA AVE STE C122C, PHOENIX, AZ 85029-4742",480-229-8298,Hospice,Medium
Golden Horizon Hospice Inc,"15333 N PIMA RD STE 305, SCOTTSDALE, AZ 85260-2717",602-235-0762,Hospice,Medium
GOLDEN HOSPICE CARE INC,"4150 W PEORIA AVE, PHOENIX, AZ 85029-3900",747-307-5566,Hospice,Medium
GOLDEN ROSE HOSPICE CARE INC,"4150 W PEORIA AVE STE B114, PHOENIX, AZ 85029-3945",480-885-5116,Hospice,Medium
Golden Year Hospice Care Inc,"2550 W UNION HILLS DR, PHOENIX, AZ 85027-5163",602-834-0167,Hospice,Medium
GOOD SAMARITAN HOSPICE,"10000 N 31ST AVE, PHOENIX, AZ 85051-9582",602-612-2251,Hospice,Medium
GOOD SAMARITAN SOCIETY PRESCOTT HOSPICE,"1065 RUTH ST STE 108-10, PRESCOTT, AZ 86301-1729",928-778-5655,Hospice,Medium
GOOD SAMARITAN SOCIETY-PRESCOTT HOSPICE (031584),"1063 RUTH ST, PRESCOTT, AZ 86301-1729",928-778-5655,Hospice,Medium
Good Shepherd Hospice Care Inc,"4150 W PEORIA AVE, PHOENIX, AZ 85029-3900",480-712-0700,Hospice,Medium
Grace Hospice And Palliative Care Llc,"2675 N WYATT DR, TUCSON, AZ 85712-6107",520-496-4164,Hospice,Medium
HANDS OF HOPE HOSPICE LLC,"2266 S DOBSON RD STE 200-252, MESA, AZ 85202-6412",480-805-8338,Hospice,Medium
HAVEN HOSPICE,"1280 S 20TH AVE STE B, SAFFORD, AZ 85546-3378",888-891-0786,Hospice,Medium
Haven Hospice,"5656 E GRANT RD STE 17, TUCSON, AZ 85712-2210",520-363-2585,Hospice,Medium
Haven Hospice,"15551 N GREENWAY HAYDEN LOOP, SCOTTSDALE, AZ 85260-1210",888-752-8055,Hospice,Medium
HAVEN HOSPICE,"5658 HIGHWAY 260 STE 21A, LAKESIDE, AZ 85929-5189",888-891-0786,Hospice,Medium
Heart of Healing Hospice,"1729 N TREKELL RD, CASA GRANDE, AZ 85122-2215",520-278-5003,Hospice,Medium
Heartland Hospice (Tucson),"3112 N SWAN RD, TUCSON, AZ 85712-1227",520-325-2790,Hospice,Medium
HEARTS OF HOSPICE LLC,"11225 N 28TH DR STE A, PHOENIX, AZ 85029-5606",480-572-0132,Hospice,Medium
HIDDEN HILLS HOSPICE,"1825 E NORTHERN AVE STE 161, PHOENIX, AZ 85020-3812",602-675-0277,Hospice,Medium
Holy Cross Hospice,"1103 S MESA DR, MESA, AZ 85210-8722",480-718-5678,Hospice,Medium
Horizon Hospice,"2720 E THOMAS RD STE B, PHOENIX, AZ 85016-8299",480-894-5113,Hospice,Medium
Hospice At Heart To Heart Inc,"13231 N 35TH AVE STE 10A, PHOENIX, AZ 85029-1233",480-808-8885,Hospice,Medium
"HOSPICE AT HOME OF ARIZONA, LLC","2500 S POWER RD, MESA, AZ 85209-6686",480-478-0643,Hospice,Medium
HOSPICE COMPASSUS - BULLHEAD CITY,"2755 SILVER CREEK RD, BULLHEAD CITY, AZ 86442-7904",928-763-6433,Hospice,Medium
HOSPICE COMPASSUS - BULLHEAD CITY,"1940 MESQUITE AVE STE I, LAKE HAVASU CITY, AZ 86403-6123",928-302-2251,Hospice,Medium
HOSPICE COMPASSUS - SEDONA/ FLAGSTAFF,"7000 STATE ROUTE 179 STE D1, SEDONA, AZ 86351-9270",928-284-0180,Hospice,Medium
HOSPICE COMPASSUS - SEDONA/ FLAGSTAFF,"1030 N SAN FRANCISCO ST, FLAGSTAFF, AZ 86001-3252",928-556-1500,Hospice,Medium
HOSPICE COMPASSUS - SEDONA/ FLAGSTAFF/ PRESCOTT,"3033 N WINDSONG DR STE 205, PRESCOTT VALLEY, AZ 86314-2297",928-775-0103,Hospice,Medium
HOSPICE COMPASSUS - WHITE MOUNTAIN,"1789 COMMERCE DR, LAKESIDE, AZ 85929-5354",928-368-4400,Hospice,Medium
HOSPICE COMPASSUS - YUMA,"2320 S 22ND DR OFC, YUMA, AZ 85364-8867",928-344-6100,Hospice,Medium
Hospice Compassus-Casa Grande,"1675 E MONUMENT PLAZA CIR, CASA GRANDE, AZ 85122-5600",520-421-7143,Hospice,Medium
HOSPICE COMPASSUS-PAYSON,"511 S MUD SPRINGS RD, PAYSON, AZ 85541-5747",928-472-6340,Hospice,Medium
HOSPICE COMPASSUS-PAYSON (031523),"511 S MUD SPRINGS RD # SUI, PAYSON, AZ 85541-5747",928-472-6340,Hospice,Medium
HOSPICE FAMILY CARE,"275 W CONTINENTAL RD # SUI, GREEN VALLEY, AZ 85622-3624",520-499-3072,Hospice,Medium
"HOSPICE FAMILY CARE, INC - MARANA","8245 N SILVERBELL RD # SU, TUCSON, AZ 85743-7381",520-579-9936,Hospice,Medium
Hospice In The Desert LLC,"639 E SPEEDWAY BLVD, TUCSON, AZ 85705-7433",520-248-8129,Hospice,Medium
"HOSPICE OF AMERICA, LLC","1837 S MESA DR STE C, MESA, AZ 85210-6246",480-219-8259,Hospice,Medium
"HOSPICE OF HAVASU, INC.","232 LONDON BRIDGE RD, LAKE HAVASU CITY, AZ 86403-4647",928-453-2111,Hospice,Medium
"HOSPICE OF HOPE, LLC","17505 N 79TH AVE, GLENDALE, AZ 85308-8725",623-399-6910,Hospice,Medium
"Hospice Of Payson, LLC","900 N BEELINE HWY # SUI, PAYSON, AZ 85541-3769",928-474-2415,Hospice,Medium
Hospice Of Phoenix Inc,"16165 N 83RD AVE, PEORIA, AZ 85382-5816",602-675-9090,Hospice,Medium
Hospice Of Stars Inc,"10000 N 31ST AVE STE C202, PHOENIX, AZ 85051-9620",602-732-7355,Hospice,Medium
HOSPICE OF THE VALLEY - CENTRAL,"1510 E FLOWER ST, PHOENIX, AZ 85014-5656",602-287-7000,Hospice,Medium
Hospice of the Valley - West (031515),"9435 W PEORIA AVE, PEORIA, AZ 85345-6479",623-583-4848,Hospice,Medium
HOSPICE OF THE VALLEY DOBSON HOME (031505),"1188 N DOBSON RD, CHANDLER, AZ 85224-4004",480-786-1900,Hospice,Medium
Hospice of the Valley East,"2020 E WOODSIDE CT, GILBERT, AZ 85297-7339",480-730-5980,Hospice,Medium
HOSPICE OF THE VALLEY RYAN HOUSE (031500),"110 W MUHAMMAD ALI WAY, PHOENIX, AZ 85013-4500",602-234-6750,Hospice,Medium
HOSPICE OF THE VALLEY SURPRISE PCU (031515),"14066 W WADDELL RD, SURPRISE, AZ 85379-8736",623-975-9292,Hospice,Medium
HOSPICE OF THE VALLEY'S SHERMAN HSPC HOME (031517),"5801 E MAYO BLVD, PHOENIX, AZ 85054-4503",480-585-0909,Hospice,Medium
HOSPICE OF THE VALLEYS THUNDERBIRD PALLIATIVE CARE,"13614 N 59TH AVE, GLENDALE, AZ 85304-1204",602-978-1343,Hospice,Medium
HOSPICE OF THE WEST,"21410 N 19TH AVE, PHOENIX, AZ 85027-2738",602-343-6422,Hospice,Medium
HOSPICE OF THE WEST (031592),"3001 N MAIN ST STE 2, PRESCOTT VALLEY, AZ 86314-2293",928-968-5240,Hospice,Medium
"HOSPICE OF THE WEST, LLC (031592)","5255 E WILLIAMS CIR # SUI, TUCSON, AZ 85711-7401",434-977-9711,Hospice,Medium
"HOSPICE OF THE WEST, LLC (031592)","520 N CAMINO MERCADO STE 9, CASA GRANDE, AZ 85122-5754",434-977-9711,Hospice,Medium
Hospice Of Tucson Inc,"4400 E BROADWAY BLVD, TUCSON, AZ 85711-3517",520-372-4365,Hospice,Medium
HOSPICE OF YUMA,"1824 S 8TH AVE, YUMA, AZ 85364-5517",928-343-2222,Hospice,Medium
"HOSPICE PROMISE, LLC","17235 N 75TH AVE STE E175, GLENDALE, AZ 85308-0870",623-209-7003,Hospice,Medium
HOV LUND FAMILY HOSPICE HOME (031505),"1982 E WOODSIDE CT, GILBERT, AZ 85297-7333",480-786-4482,Hospice,Medium
In Good Hands Hospice Inc,"4150 W PEORIA AVE STE B, PHOENIX, AZ 85029-3900",602-742-0365,Hospice,Medium
IN MY HOME HOSPICE CARE,"1204 E BASELINE RD, TEMPE, AZ 85283-1454",480-590-6556,Hospice,Medium
"INFINITY HOSPICE CARE, LLC","8434 E SHEA BLVD, SCOTTSDALE, AZ 85260-6670",602-381-0375,Hospice,Medium
"INTEGRITY HOSPICE CARE, LLC","6877 S KINGS RANCH RD, GOLD CANYON, AZ 85118-6809",480-426-0255,Hospice,Medium
JOAN AND DIANA HOSPICE HOME,"812 AIRWAY AVE, KINGMAN, AZ 86409-3588",928-757-0602,Hospice,Medium
KIND HEARTS HOSPICE INC,"10210 N 32ND ST, PHOENIX, AZ 85028-3827",602-953-4875,Hospice,Medium
LAVENDER HOSPICE,"20815 N 25TH PL, PHOENIX, AZ 85050-4608",602-283-3663,Hospice,Medium
Legacy Hospice,"13207 E STATE ROUTE 169 STE B, DEWEY, AZ 86327-0018",928-460-5223,Hospice,Medium
"Living Waters Hospice, LLC","3711 US HIGHWAY 68, GOLDEN VALLEY, AZ 86413-7520",928-565-9000,Hospice,Medium
"LOVING HANDS HOSPICE, INC","11811 N TATUM BLVD, PHOENIX, AZ 85028-1614",602-612-8656,Hospice,Medium
LUMICARE HOSPICE,"8777 E HARTFORD DR STE 130, SCOTTSDALE, AZ 85255-5692",602-795-9705,Hospice,Medium
MAGGIE'S HOSPICE,"940 N SWITZER CANYON DR, FLAGSTAFF, AZ 86001-4852",928-775-2290,Hospice,Medium
"MAGGIE'S HOSPICE, LLC","801 MILLER VALLEY RD, PRESCOTT, AZ 86301-1815",928-775-2290,Hospice,Medium
MAGGIES HOSPICE LLC,"203 S CANDY LN STE 12, COTTONWOOD, AZ 86326-8114",928-496-6500,Hospice,Medium
MANOR HOSPICE LTD,"4150 W PEORIA AVE, PHOENIX, AZ 85029-3900",602-691-0900,Hospice,Medium
MARIPOSA HOSPICE LLC,"8751 N 51ST AVE STE 121H, GLENDALE, AZ 85302-4900",480-343-8045,Hospice,Medium
MAYFLOWER HOSPICE CARE INC,"20 E THOMAS RD STE 2200, PHOENIX, AZ 85012-3133",480-933-1034,Hospice,Medium
"MD HOSPICE CARE, LLC","7500 N DREAMY DRAW DR, PHOENIX, AZ 85020-4660",602-266-9971,Hospice,Medium
MED CARE HOSPICE INC,"2415 E CAMELBACK RD, PHOENIX, AZ 85016-4288",602-805-4882,Hospice,Medium
"MESA VIEW HOSPICE, LLC","4072 E FARM RD, LITTLEFIELD, AZ 86432-5175",928-347-4567,Hospice,Medium
MIRAGE HOSPICE CARE INC,"11747 N 19TH AVE STE 10, PHOENIX, AZ 85029-3590",480-805-2353,Hospice,Medium
"MOUNTAIN VIEW HOSPICE, LLC","8263 W THUNDERBIRD RD # SU, PEORIA, AZ 85381-4615",623-230-3698,Hospice,Medium
NANA HOPE HOSPICE,"1620 N 48TH ST, PHOENIX, AZ 85008-7723",480-352-1667,Hospice,Medium
NEIGHBORHOOD HOSPICE,"2338 W ROYAL PALM RD # SUI, PHOENIX, AZ 85021-9339",602-774-0051,Hospice,Medium
"NEW BEGINNING HOSPICE AND PALLIATIVE CARE, LLC","18001 N 79TH AVE, GLENDALE, AZ 85308-8388",623-312-6271,Hospice,Medium
NOBLE HOSPICE AND PALLIATIVE CARE,"2222 S DOBSON RD STE 1004, MESA, AZ 85202-6200",480-868-2845,Hospice,Medium
NORTHERN ARIZONA HOSPICE,"203 S CANDY LN STE 2A, COTTONWOOD, AZ 86326-4172",928-639-6676,Hospice,Medium
NORTHERN ARIZONA HOSPICE,"1501 S YALE ST, FLAGSTAFF, AZ 86001-7304",928-779-9795,Hospice,Medium
"NORTHLAND HOSPICE AND PALLIATIVE CARE, INC.","452 N SWITZER CANYON DR, FLAGSTAFF, AZ 86001-4855",928-779-1227,Hospice,Medium
"NUEVA HOSPICE & PALLIATIVE CARE, LLC","14362 N FRANK LLOYD WRIGHT BLVD, SCOTTSDALE, AZ 85260-8846",602-540-9690,Hospice,Medium
OAKMONT HOSPICE LLC,"13416 N 32ND ST STE 107A, PHOENIX, AZ 85032-6000",480-716-4517,Hospice,Medium
"OAKRIDGE HOSPICE, LLC","13416 N 32ND ST, PHOENIX, AZ 85032-6000",480-508-8588,Hospice,Medium
"OMEGALIFE HOSPICE OF ARIZONA, INC","10000 N 31ST AVE, PHOENIX, AZ 85051-9582",602-606-8898,Hospice,Medium
OPTIMAL HOSPICE INC,"64 E BROADWAY RD STE 2, TEMPE, AZ 85282-1353",623-887-8837,Hospice,Medium
Oshyn Hospice and Palliative Care,"1870 W PRINCE RD STE 3, TUCSON, AZ 85705-2962",520-795-3535,Hospice,Medium
OTIUM HOSPICE INC,"64 E BROADWAY RD STE 2, TEMPE, AZ 85282-1353",602-844-8245,Hospice,Medium
Ovation Hospice of Phoenix,"410 N SCOTTSDALE RD STE 1000, TEMPE, AZ 85288-7095",602-669-9812,Hospice,Medium
PASSION HOSPICE,"2550 W UNION HILLS DR, PHOENIX, AZ 85027-5163",480-485-8000,Hospice,Medium
"Pillars Hospice Care, LLC","10221 N 32ND ST, PHOENIX, AZ 85028-3849",602-788-1138,Hospice,Medium
POLARIS HOSPICE LLC,"8751 N 51ST AVE STE 1, GLENDALE, AZ 85302-4941",480-343-8045,Hospice,Medium
POSITIVE NATURE HOSPICE LLC,"7620 N HARTMAN LN STE 180, TUCSON, AZ 85743-7485",520-614-6326,Hospice,Medium
Prestige Health Hospice,"4555 S PALO VERDE RD STE 163, TUCSON, AZ 85714-1959",520-358-0946,Hospice,Medium
PRIMAVERA HOSPICE LLC,"8751 N 51ST AVE, GLENDALE, AZ 85302-4941",480-330-6875,Hospice,Medium
PRISM HOSPICE,"401 N ALMA SCHOOL RD # SU, CHANDLER, AZ 85224-4368",480-246-9242,Hospice,Medium
PRISTINE HOSPICE LLC,"8607 N 59TH AVE, GLENDALE, AZ 85302-5433",480-343-8045,Hospice,Medium
PRO CARE HOSPICE INC,"3420 E SHEA BLVD STE 200, PHOENIX, AZ 85028-3348",602-805-7770,Hospice,Medium
PRO LIFE HOSPICE CARE INC,"4150 W PEORIA AVE, PHOENIX, AZ 85029-3900",480-674-0595,Hospice,Medium
"QUALITY HOSPICE CARE, INC.","3085 N WINDSONG DR STE B, PRESCOTT VALLEY, AZ 86314-2248",480-588-8200,Hospice,Medium
RD Hospice,"16165 N 83RD AVE STE 20, PEORIA, AZ 85382-5816",623-688-0011,Hospice,Medium
Remedy Hospice Care Inc,"1555 E UNIVERSITY DR, MESA, AZ 85203-8141",480-213-7845,Hospice,Medium
"RIVER HOSPICE, LLC","1930 S ALMA SCHOOL RD, MESA, AZ 85210-3064",623-810-1320,Hospice,Medium
RIVER VALLEY HOSPICE,"3954 FRONTAGE RD, BULLHEAD CITY, AZ 86442-8176",928-683-4041,Hospice,Medium
RIVER VALLEY HOSPICE,"1317 S JOSHUA AVE, PARKER, AZ 85344-5721",928-683-4041,Hospice,Medium
RIVER VALLEY HOSPICE,"2601 N STOCKTON HILL RD, KINGMAN, AZ 86401-4191",928-293-2363,Hospice,Medium
RNHA HOSPICE CARE INC,"4150 W PEORIA AVE STE 114-B, PHOENIX, AZ 85029-3949",480-300-3130,Hospice,Medium
ROYAL HOSPICE CARE LLC,"14809 N 73RD ST, SCOTTSDALE, AZ 85260-3104",480-626-8242,Hospice,Medium
Ruby Hospice Care Inc,"4150 W PEORIA AVE, PHOENIX, AZ 85029-3900",602-887-3105,Hospice,Medium
SAGE HOSPICE,"4733 N 1ST AVE, TUCSON, AZ 85718-5610",520-475-3425,Hospice,Medium
SAGE HOSPICE LLC,"5111 N SCOTTSDALE RD, SCOTTSDALE, AZ 85250-7075",480-777-5117,Hospice,Medium
SALUS HOSPICE,"8701 E VISTA BONITA DR # SUI, SCOTTSDALE, AZ 85255-3207",949-390-7308,Hospice,Medium
Sapphire Hospice,"3377 S PRICE RD STE 3, CHANDLER, AZ 85248-3573",480-347-9866,Hospice,Medium
Savior Hospice,"4530 E SHEA BLVD, PHOENIX, AZ 85028-6065",480-320-4733,Hospice,Medium
SAVIOR HOSPICE,"14780 W MOUNTAIN VIEW BLVD, SURPRISE, AZ 85374-4799",605-210-1254,Hospice,Medium
SAVIOR HOSPICE,"5658 HIGHWAY 260 STE 15, LAKESIDE, AZ 85929-5189",480-320-4733,Hospice,Medium
SAVIOR HOSPICE,"1640 N PEART RD, CASA GRANDE, AZ 85122-2564",420-320-4733,Hospice,Medium
SCOTTSDALE HOSPICE OF THE VALLEY,"16117 N 76TH ST, SCOTTSDALE, AZ 85260-1793",480-663-6500,Hospice,Medium
Select Home Hospice,"65 S SYCAMORE STE 2B, MESA, AZ 85202-1143",480-608-7030,Hospice,Medium
Serenity Hospice,"5059 S LAKEWOOD RD, FORT MOHAVE, AZ 86426-6501",928-788-0027,Hospice,Medium
SERENITY HOSPICE SERVICES INC,"13231 N 35TH AVE, PHOENIX, AZ 85029-1233",480-716-3044,Hospice,Medium
"Shanti Hospice, Llc","501 W RAY RD STE 6, CHANDLER, AZ 85225-7284",480-788-7284,Hospice,Medium
SOLACE HOSPICE AND PALLIATIVE CARE,"16841 N 31ST AVE, PHOENIX, AZ 85053-3012",623-440-3068,Hospice,Medium
"SOLACE HOSPICE, LLC","16841 N 31ST AVE, PHOENIX, AZ 85053-3012",602-888-7037,Hospice,Medium
SOLARIS HOSPICE,"3173 N WINDSONG DR, PRESCOTT VALLEY, AZ 86314-2240",940-627-1011,Hospice,Medium
SONORA CARE HOSPICE LLC,"312 N ALMA SCHOOL RD # SUI, CHANDLER, AZ 85224-4354",480-286-4748,Hospice,Medium
SOULISTIC HOSPICE,"16 CALLE IGLESIA # 18, TUBAC, AZ 85646-0032",520-398-2333,Hospice,Medium
SOULISTIC HOSPICE (031577),"2344 E SPEEDWAY BLVD, TUCSON, AZ 85719-4729",520-882-4111,Hospice,Medium
Southwestern Palliative Care and Hospice,"1950 W 3RD ST STE B, YUMA, AZ 85364-1812",928-276-4477,Hospice,Medium
SPERO HOSPICE LLC,"13416 N 32ND ST STE 112, PHOENIX, AZ 85032-6000",602-601-4936,Hospice,Medium
ST RITA HOSPICE INC,"13201 N 35TH AVE, PHOENIX, AZ 85029-1222",602-922-0266,Hospice,Medium
STEADFAST LOVE HOSPICE LLC,"1050 E UNIVERSITY DR # SU, MESA, AZ 85203-8046",480-805-3111,Hospice,Medium
STILLWATER HOSPICE,"22601 N 19TH AVE STE 230, PHOENIX, AZ 85027-1362",602-567-9953,Hospice,Medium
"STONERIDGE HOSPICE, LLC","20860 N TATUM BLVD, PHOENIX, AZ 85050-4274",480-306-8655,Hospice,Medium
SUMMIT HOSPICE,"7310 N 16TH ST, PHOENIX, AZ 85020-5258",602-535-8255,Hospice,Medium
"Suncrest Hospice Phoenix, LLC","4650 E COTTON CENTER BLVD, PHOENIX, AZ 85040-4800",602-633-1828,Hospice,Medium
SUNSET HOSPICE LLC,"6612 E CARONDELET DR # SUI, TUCSON, AZ 85710-2119",520-245-9431,Hospice,Medium
SUPPORTIVE HANDS HOSPICE INC,"2930 E CAMELBACK RD STE 120, PHOENIX, AZ 85016-4412",602-806-7205,Hospice,Medium
SUPREME CARE HOSPICE INC,"13201 N 35TH AVE, PHOENIX, AZ 85029-1222",623-303-2891,Hospice,Medium
Synergy Hospice Service Inc,"2432 W PEORIA AVE STE 1343, PHOENIX, AZ 85029-4741",602-960-6030,Hospice,Medium
T M C HOSPICE AKA PEPPI'S HOUSE,"2715 N WYATT DR, TUCSON, AZ 85712-6111",520-307-6257,Hospice,Medium
THE PINES HOSPICE,"6719 E 2ND ST STE A, PRESCOTT VALLEY, AZ 86314-2661",928-632-0111,Hospice,Medium
Trifinity Hospice Inc,"11811 N TATUM BLVD, PHOENIX, AZ 85028-1614",818-470-6457,Hospice,Medium
TRUE NORTH HOSPICE,"2432 W PEORIA AVE, PHOENIX, AZ 85029-4726",602-246-5096,Hospice,Medium
Unicare Hospice Inc,"105 W 16TH ST STE A, YUMA, AZ 85364-4758",928-248-4110,Hospice,Medium
UNITED HOSPICE & PALLIATIVE CARE OF ARIZONA,"2222 W PARKSIDE LN STE 109, PHOENIX, AZ 85027-1260",602-296-4717,Hospice,Medium
UNIVERSAL HOSPICE CARE SERVICES,"13201 N 35TH AVE, PHOENIX, AZ 85029-1222",602-922-0446,Hospice,Medium
Uplift Hospice,"8777 E VIA DE VENTURA, SCOTTSDALE, AZ 85258-3343",480-350-7554,Hospice,Medium
"Valley Care Hospice, Inc","2577 W QUEEN CREEK RD STE 200B, CHANDLER, AZ 85248-0913",480-359-3998,Hospice,Medium
Valleyside Hospice Inc,"8751 N 51ST AVE STE 120, GLENDALE, AZ 85302-4925",602-600-8944,Hospice,Medium
Valor Hospice,"1048 E FRY BLVD, SIERRA VISTA, AZ 85635-2683",520-458-9450,Hospice,Medium
VESSEL LOVING HEART HOSPICE,"12406 N 32ND ST, PHOENIX, AZ 85032-7146",602-309-4292,Hospice,Medium
"Victory Hospice, Llc","10210 N 32ND ST STE C202-C, PHOENIX, AZ 85028-3827",623-256-8098,Hospice,Medium
Vital Hospice Care Inc,"18185 N 83RD AVE STE 206, GLENDALE, AZ 85308-0519",480-631-4777,Hospice,Medium
Westcare Hospice & Palliative Care LLC,"2025 N 3RD ST STE 16, PHOENIX, AZ 85004-1471",480-376-0433,Hospice,Medium
WHITE ROSE HOSPICE,"4131 N 24TH ST STE A116, PHOENIX, AZ 85016-6262",602-354-7887,Hospice,Medium
"WINGS OF HOPE HOSPICE AND PALLIATIVE CARE, INC.","11022 N 28TH DR, PHOENIX, AZ 85029-5633",602-971-0304,Hospice,Medium
ZEPHYR HOSPICE,"14040 N CAVE CREEK RD, PHOENIX, AZ 85022-6117",480-584-4373,Hospice,Medium
ZION'S WAY HOSPICE,"43 6TH AVE, PAGE, AZ 86040-0470",928-645-0366,Hospice,Medium
