Business Name,Address,Phone Number,Facility Type,Priority,Previous Facility Type,Previous Priority
ABRAZO BUCKEYE FAMILY MEDICINE,"525 S WATSON RD STE 2, BUCKEYE, AZ 85326-3449",602-726-8750,Hospital,High,Other Medical,Low
ABRAZO GOODYEAR FAMILY MEDICINE,"3125 N DYSART RD, AVONDALE, AZ 85392-1208",623-882-9161,Hospital,High,Other Medical,Low
ABRAZO MEDICAL GROUP,"6036 N 19TH AVE, PHOENIX, AZ 85015-2106",480-888-5203,Hospital,High,Other Medical,Low
ABRAZO MEDICAL GROUP - ARROWHEAD,"18700 N 64TH DR, GLENDALE, AZ 85308-7109",602-396-9894,Hospital,High,Other Medical,Low
ABRAZO MEDICAL GROUP BILTMORE TERRACE,"2122 E HIGHLAND AVE, PHOENIX, AZ 85016-4739",602-396-9894,Hospital,High,Other Medical,Low
ABRAZO MEDICAL GROUP NORTH PEORIA,"26900 N LAKE PLEASANT PKWY, PEORIA, AZ 85383-1394",480-888-5203,Hospital,High,Other Medical,Low
ABRAZO MEDICAL GROUP SCOTTSDALE,"3811 E BELL RD STE 300, PHOENIX, AZ 85032-2160",602-396-9894,Hospital,High,Other Medical,Low
ABRAZO MEDICAL GROUP WEST,"1325 N LITCHFIELD RD # SU, GOODYEAR, AZ 85395-1213",602-726-8806,Hospital,High,Other Medical,Low
ACACIA HEALTH CENTER,"4555 E MAYO BLVD, PHOENIX, AZ 85050-6952",480-384-5600,Hospital,High,Other Medical,Low
ARROWHEAD HEALTH CENTERS,"2629 N SCOTTSDALE RD # SU, SCOTTSDALE, AZ 85257-1370",623-334-4000,Hospital,High,Other Medical,Low
ARROWHEAD HEALTH CENTERS,"17061 N AVENUE OF THE ARTS, SURPRISE, AZ 85378-6995",623-334-4000,Hospital,High,Other Medical,Low
ARROWHEAD HEALTH CENTERS,"16390 N 59TH AVE, GLENDALE, AZ 85306-1711",623-334-4000,Hospital,High,Other Medical,Low
ASU HEALTH SERVICES - WEST CAMPUS,"4701 W THUNDERBIRD RD # UC, GLENDALE, AZ 85306-4900",602-543-8019,Hospital,High,Other Medical,Low
BANNER CHILDREN'S - BANNER HEALTH CLINIC,"3493 S MERCY RD, GILBERT, AZ 85297-0434",480-827-5042,Hospital,High,Other Medical,Low
BANNER CHILDREN'S - BANNER HEALTH CLINIC,"1450 S DOBSON RD, MESA, AZ 85202-4712",480-827-5044,Hospital,High,Other Medical,Low
BANNER CHILDREN'S - BANNER HEALTH CLINIC,"1220 S HIGLEY RD, MESA, AZ 85206-4000",480-827-5045,Hospital,High,Other Medical,Low
BANNER CHILDREN'S - BANNER HEALTH CLINIC,"1075 S IDAHO RD STE 2, APACHE JUNCTION, AZ 85119-6496",602-747-4000,Hospital,High,Other Medical,Low
BANNER CHILDREN'S - BANNER HEALTH CLINIC,"1760 EAST FLORENCE BOULEVARD, , CASA GRANDE, 85222",520-374-6505,Hospital,High,Other Medical,Low
BANNER HEALTH,"680 E DEUCE OF CLUBS STE B, SHOW LOW, AZ 85901-4829",928-596-4580,Hospital,High,Other Medical,Low
BANNER HEALTH,"2800 E AJO WAY BLDG 200, TUCSON, AZ 85713-6204",520-874-9000,Hospital,High,Other Medical,Low
BANNER HEALTH CENTER,"9165 W THUNDERBIRD RD, PEORIA, AZ 85381-4847",623-285-1120,Hospital,High,Other Medical,Low
BANNER HEALTH CENTER,"13640 N PLAZA DEL RIO BLVD, PEORIA, AZ 85381-4846",623-876-3800,Hospital,High,Other Medical,Low
BANNER HEALTH CENTER,"14416 W MEEKER BLVD, SUN CITY WEST, AZ 85375-5284",623-876-3800,Hospital,High,Other Medical,Low
BANNER HEALTH CENTER,"155 E WARNER RD, GILBERT, AZ 85296-3082",480-649-6600,Hospital,High,Other Medical,Low
BANNER HEALTH CENTER,"9780 S ESTRELLA PKWY, GOODYEAR, AZ 85338-7114",623-474-8101,Hospital,High,Other Medical,Low
BANNER HEALTH CENTER,"1435 S ALMA SCHOOL RD, CHANDLER, AZ 85286-7144",480-668-1600,Hospital,High,Other Medical,Low
BANNER HEALTH CENTER,"20751 W MARKET ST, BUCKEYE, AZ 85396-7893",623-463-5000,Hospital,High,Other Medical,Low
BANNER HEALTH CENTER,"1917 S CRISMON RD, MESA, AZ 85209-6216",480-610-7100,Hospital,High,Other Medical,Low
BANNER HEALTH CENTER,"7701 W ASPERA BLVD # SU, GLENDALE, AZ 85308-7947",623-248-2100,Hospital,High,Other Medical,Low
BANNER HEALTH CENTER,"21772 S ELLSWORTH LOOP RD, QUEEN CREEK, AZ 85142-7709",480-512-3700,Hospital,High,Other Medical,Low
BANNER HEALTH CENTER,"17900 N PORTER RD, MARICOPA, AZ 85138-4228",602-747-6365,Hospital,High,Other Medical,Low
BANNER HEALTH CENTER,"13995 W STATLER BLVD, SURPRISE, AZ 85374-5501",623-478-3100,Hospital,High,Other Medical,Low
BANNER HEALTH CENTER,"4720 E GREENWAY RD, PHOENIX, AZ 85032-4355",602-439-6000,Hospital,High,Other Medical,Low
BANNER HEALTH CENTER,"4375 E IRMA LN, PHOENIX, AZ 85050-4312",602-747-4000,Hospital,High,Other Medical,Low
BANNER HEALTH CENTER RAINTREE,"8901 E RAINTREE DR, SCOTTSDALE, AZ 85260-7026",480-733-7600,Hospital,High,Other Medical,Low
BANNER HEALTH CLINIC,"1125 S ALMA SCHOOL RD STE 310, CHANDLER, AZ 85286-2812",480-733-7305,Hospital,High,Other Medical,Low
BANNER HEALTH CLINIC,"9305 W THOMAS RD STE 3, PHOENIX, AZ 85037-3328",623-327-4144,Hospital,High,Other Medical,Low
BANNER HEALTH CLINIC,"1520 S DOBSON RD, MESA, AZ 85202-4725",602-462-0480,Hospital,High,Other Medical,Low
BANNER HEALTH CLINIC,"14420 W MEEKER BLVD, SUN CITY WEST, AZ 85375-5286",623-583-5300,Hospital,High,Other Medical,Low
BANNER HEALTH CLINIC,"6553 E BAYWOOD AVE, MESA, AZ 85206-1752",480-543-6880,Hospital,High,Other Medical,Low
BANNER HEALTH CLINIC,"1520 S DOBSON RD, MESA, AZ 85202-4725",480-412-8080,Hospital,High,Other Medical,Low
BANNER HEALTH CLINIC,"37100 N GANTZEL RD, QUEEN CREEK, AZ 85140-7349",602-747-4000,Hospital,High,Other Medical,Low
BANNER HEALTH CLINIC,"122 E MAIN ST, PAYSON, AZ 85541-5574",928-596-4600,Hospital,High,Other Medical,Low
BANNER HEALTH CLINIC,"120 E MAIN ST STE A, PAYSON, AZ 85541-5618",928-474-9744,Hospital,High,Other Medical,Low
BANNER HEALTH CLINIC,"37100 N GANTZEL RD, SAN TAN VALLEY, AZ 85140-7349",480-394-4469,Hospital,High,Other Medical,Low
BANNER HEALTH CLINIC,"6750 E BAYWOOD AVE, MESA, AZ 85206-1749",480-543-3030,Hospital,High,Other Medical,Low
BANNER HEALTH CLINIC,"3235 N HUNT HWY, FLORENCE, AZ 85132-6897",520-233-2770,Hospital,High,Other Medical,Low
BANNER HEALTH CLINIC,"1828 E FLORENCE BLVD, CASA GRANDE, AZ 85122-4783",520-876-4006,Hospital,High,Other Medical,Low
BANNER HEALTH CLINIC,"9305 W THOMAS RD STE 3, PHOENIX, AZ 85037-3328",623-327-8200,Hospital,High,Other Medical,Low
BANNER HEALTH CLINIC,"1811 E MCMURRAY BLVD, CASA GRANDE, AZ 85122-5404",520-374-6530,Hospital,High,Other Medical,Low
BANNER HEALTH CLINIC,"1828 E FLORENCE BLVD, CASA GRANDE, AZ 85122-4783",520-381-6912,Hospital,High,Other Medical,Low
BANNER HEALTH CLINIC,"4530 E RAY RD STE 190, PHOENIX, AZ 85044-6098",480-827-5420,Hospital,High,Other Medical,Low
BANNER HEALTH CLINIC,"5757 W THUNDERBIRD RD # SU, GLENDALE, AZ 85306-4641",602-298-8888,Hospital,High,Other Medical,Low
BANNER HEALTH CLINIC,"1300 S COUNTRY CLUB DR, MESA, AZ 85210-5162",480-827-5500,Hospital,High,Other Medical,Low
BANNER HEALTH CLINIC,"5757 W THUNDERBIRD RD # SU, GLENDALE, AZ 85306-4641",623-476-5190,Hospital,High,Other Medical,Low
BANNER HEALTH CLINIC,"5601 W EUGIE AVE, GLENDALE, AZ 85304-1255",602-298-8888,Hospital,High,Other Medical,Low
BANNER HEALTH CLINIC,"1920 N HIGLEY RD STE 306, GILBERT, AZ 85234-1625",480-543-6700,Hospital,High,Other Medical,Low
BANNER HEALTH CLINIC,"6553 E BAYWOOD AVE, MESA, AZ 85206-1752",480-543-6750,Hospital,High,Other Medical,Low
BANNER HEALTH CLINIC,"126 E MAIN ST STE D, PAYSON, AZ 85541-5488",602-747-4000,Hospital,High,Other Medical,Low
BANNER HEALTH CLINIC,"1920 N HIGLEY RD, GILBERT, AZ 85234-1623",480-543-6700,Hospital,High,Other Medical,Low
BANNER HEALTH CLINIC,"1920 N HIGLEY RD, GILBERT, AZ 85234-1623",480-543-6600,Hospital,High,Other Medical,Low
BANNER HEALTH CLINIC,"4860 N LITCHFIELD RD # SU, LITCHFIELD PARK, AZ 85340-5040",623-474-8370,Hospital,High,Other Medical,Low
BANNER HEALTH CLINIC,"28471 N VISTANCIA BLVD, PEORIA, AZ 85383-2092",623-327-8800,Hospital,High,Other Medical,Low
BANNER HEALTH CLINIC,"13943 N 91ST AVE STE B101, PEORIA, AZ 85381-3688",623-476-5190,Hospital,High,Other Medical,Low
BANNER HEALTH CLINIC,"1125 S ALMA SCHOOL RD, CHANDLER, AZ 85286-2810",480-733-7300,Hospital,High,Other Medical,Low
BANNER HEALTH CLINIC - CASA GRANDE PRIMARY CARE,"1780 E FLORENCE BLVD, CASA GRANDE, AZ 85122-4782",520-381-6090,Hospital,High,Other Medical,Low
BANNER HEALTH CLINIC VASCULAR,"1940 N ALMA SCHOOL RD, CHANDLER, AZ 85224-2841",480-890-0280,Hospital,High,Other Medical,Low
BENSON FAMILY HEALTH CENTER,"335 S OCOTILLO AVE, BENSON, AZ 85602",520-364-1429,Hospital,High,Other Medical,Low
BISBEE FAMILY HEALTH CENTER,"108 ARIZONA ST, BISBEE, AZ 85603-1804",520-432-3309,Hospital,High,Other Medical,Low
BLACK CANYON COMMUNITY HEALTH CENTER,"17301 E SPRING VALLEY RD, SPRING VALLEY, AZ 86333-4263",623-374-0200,Hospital,High,Other Medical,Low
BLACK CANYON COMMUNITY HEALTH CENTER,"19251 E OASIS DR, BLACK CANYON CITY, AZ 85324-8878",623-374-0200,Hospital,High,Other Medical,Low
CANYON HEALTH CENTERS LLC,"333 W THOMAS RD, PHOENIX, AZ 85013-4417",917-753-3850,Hospital,High,Other Medical,Low
"CANYON HEALTH CENTERS, LLC","333 W THOMAS RD STE 20, PHOENIX, AZ 85013-4417",917-753-3850,Hospital,High,Other Medical,Low
CHIRICAHUA COMMUNITY HEALTH CENTER INC,"1111 N F AVE, DOUGLAS, AZ 85607-1918",520-364-1429,Hospital,High,Other Medical,Low
CHIRICAHUA COMMUNITY HEALTH CENTERS INC,"77 CALLE PORTAL STE A140, SIERRA VISTA, AZ 85635-2988",520-364-1429,Hospital,High,Other Medical,Low
CHIRICAHUA COMMUNITY HEALTH CENTERS SIERRA VISTA,"155 CALLE PORTAL STE 300, SIERRA VISTA, AZ 85635-2900",520-459-3012,Hospital,High,Other Medical,Low
"CHIRICAHUA COMMUNITY HEALTH CENTERS, INC","77 CALLE PORTAL STE C240, SIERRA VISTA, AZ 85635-2986",520-364-1429,Hospital,High,Other Medical,Low
"CHIRICAHUA COMMUNITY HEALTH CENTERS, INC, CCHCI","155 CALLE PORTAL STE 700, SIERRA VISTA, AZ 85635-2973",520-364-1429,Hospital,High,Other Medical,Low
"CIRCLE THE CITY FAMILY HEALTH CENTER, D/T CAMPUS","220 S 12TH AVE, PHOENIX, AZ 85007-3101",602-776-0776,Hospital,High,Other Medical,Low
"CIRCLE THE CITY FAMILY HEALTH CENTER, DOWNTOWN CAM","220 S 12TH AVE, PHOENIX, AZ 85007-3101",602-690-0598,Hospital,High,Other Medical,Low
"CIRCLE THE CITY FAMILY HEALTH CENTER, UMOM CAMPUS","3333 E VAN BUREN ST, PHOENIX, AZ 85008-6812",623-900-2203,Hospital,High,Other Medical,Low
CIRCLE THE CITY MEDICAL RESPITE DOWNTOWN CAMPUS,"210 S 12TH AVE, PHOENIX, AZ 85007-3101",602-254-4282,Hospital,High,Other Medical,Low
CLINICA DEL ALMA HEALTH CENTER,"3690 S PARK AVE, TUCSON, AZ 85713-5069",520-616-6760,Hospital,High,Other Medical,Low
DESERT SENITA COMMUNITY HEALTH CENTER,"1435 N ARIZONA BLVD, COOLIDGE, AZ 85128-3214",520-387-5631,Hospital,High,Other Medical,Low
DESERT SENITA COMMUNITY HEALTH CENTER,"410 N MALACATE ST, AJO, AZ 85321-2254",520-387-5651,Hospital,High,Other Medical,Low
DESERT SENITA COMMUNITY HEALTH CENTER,"14574 S SUNLAND GIN RD, ARIZONA CITY, AZ 85123",520-387-5651,Hospital,High,Other Medical,Low
DESERT SENITA COMMUNITY HEALTH CENTER,"13060 S SUNLAND GIN RD, ARIZONA CITY, AZ 85123-8448",520-387-5651,Hospital,High,Other Medical,Low
DESERT SENITA HEALTH CARE CENTER,"515 S STANFIELD RD, STANFIELD, AZ 85172-9687",520-387-5651,Rehab,High,Other Medical,Low
DEVEREUX ARIZONA - SWEETWATER CAMPUS,"6436 E SWEETWATER AVE, SCOTTSDALE, AZ 85254-4581",623-633-3418,Hospital,High,Other Medical,Low
DOVE MOUNTAIN HEALTH CENTER,"5224 W DOVE CENTRE RD, MARANA, AZ 85658-5063",520-616-1445,Hospital,High,Other Medical,Low
EAST SIDE HEALTH CENTER,"8181 E IRVINGTON RD, TUCSON, AZ 85709-4000",520-574-1551,Hospital,High,Other Medical,Low
EL PUEBLO HEALTH CENTER,"101 W IRVINGTON RD STE 10, TUCSON, AZ 85714-3050",520-309-3941,Hospital,High,Other Medical,Low
EL RIO COMMUNITY HEALTH CENTER - SOUTHEAST,"6950 E GOLF LINKS RD, TUCSON, AZ 85730-1017",520-309-2012,Hospital,High,Other Medical,Low
EL RIO HEALTH CENTER - CHERRYBELL CENTER,"1230 S CHERRYBELL STRA, TUCSON, AZ 85713-1907",520-282-0367,Hospital,High,Other Medical,Low
EL RIO HEALTH CENTER- CENTER OF OPPORTUNITY,"4550 S PALO VERDE RD, TUCSON, AZ 85714-1943",520-282-0367,Hospital,High,Other Medical,Low
EL RIO HEALTH CENTER-SUMMIT ELEMENTARY,"1900 E SUMMIT ST, TUCSON, AZ 85756-9127",520-545-3860,Hospital,High,Other Medical,Low
EL RIO NORTHWEST HEALTH CENTER,"320 W PRINCE RD, TUCSON, AZ 85705-3526",520-670-3909,Hospital,High,Other Medical,Low
"EL RIO SANTA CRUZ NEIGHBORHOOD HEALTH CENTER, INC","839 W CONGRESS ST, TUCSON, AZ 85745-2819",520-309-2012,Hospital,High,Other Medical,Low
EL RIO SOUTHWEST HEALTH CENTER,"1500 W COMMERCE CT, TUCSON, AZ 85746-6031",520-282-0367,Hospital,High,Other Medical,Low
ELLIE TOWNE HEALTH CENTER,"1670 W RUTHRAUFF RD, TUCSON, AZ 85705-1253",520-616-6797,Hospital,High,Other Medical,Low
FLOWING WELLS FAMILY HEALTH CENTER,"1323 W PRINCE RD, TUCSON, AZ 85705-3114",520-887-0800,Hospital,High,Other Medical,Low
FREEDOM CARE CENTER,"17500 N PERIMETER DR, SCOTTSDALE, AZ 85255-7800",602-748-6789,Rehab,High,Other Medical,Low
GRANDVIEW CARE CENTER OUTPATIENT CLINIC,"14505 W GRANITE VALLEY DR, SUN CITY WEST, AZ 85375-5795",623-975-8030,Rehab,High,Other Medical,Low
GRANDVIEW CARE CENTER OUTPATIENT CLINIC,"14505 W GRANITE VALLEY DR, SUN CITY WEST, AZ 85375-5795",623-975-8100,Rehab,High,Other Medical,Low
GRANT HEALTH CENTER,"3655 E GRANT RD, TUCSON, AZ 85716-2933",520-309-6797,Hospital,High,Other Medical,Low
"HEART HEALTH CENTER, LLC","1848 E THOMAS RD STE 2, PHOENIX, AZ 85016-8100",602-456-2342,Hospital,High,Other Medical,Low
HERITAGE HEALTH CARE CENTER,"1300 E SOUTH ST, GLOBE, AZ 85501-1436",928-425-3118,Rehab,High,Other Medical,Low
HONORHEALTH CANCER CARE,"1110 S DOBSON RD STE 1, CHANDLER, AZ 85286-6164",623-238-7540,Hospital,High,Other Medical,Low
HONORHEALTH CANCER CARE,"3645 S ROME ST STE 209, GILBERT, AZ 85297-7338",623-238-7370,Hospital,High,Other Medical,Low
HONORHEALTH CANCER CARE,"19646 N 27TH AVE, PHOENIX, AZ 85027-4017",815-541-2507,Hospital,High,Other Medical,Low
HONORHEALTH CANCER CARE,"9250 N 3RD ST STE 3010, PHOENIX, AZ 85020-2425",310-909-3898,Hospital,High,Other Medical,Low
HONORHEALTH CANCER CARE,"3621 N WELLS FARGO AVE, SCOTTSDALE, AZ 85251-5607",480-583-1009,Hospital,High,Other Medical,Low
HONORHEALTH CANCER CARE,"16716 E PALISADES BLVD, FOUNTAIN HILLS, AZ 85268-3846",602-238-7570,Hospital,High,Other Medical,Low
HONORHEALTH CANCER CARE,"14674 W MOUNTAIN VIEW BLVD, SURPRISE, AZ 85374-2706",602-818-7344,Hospital,High,Other Medical,Low
HONORHEALTH CANCER CARE,"10320 W MCDOWELL RD, AVONDALE, AZ 85392-4863",623-695-7928,Hospital,High,Other Medical,Low
HONORHEALTH CANCER CARE,"5750 W THUNDERBIRD RD # C, GLENDALE, AZ 85306-4660",855-485-4673,Hospital,High,Other Medical,Low
HONORHEALTH CANCER CARE,"20745 N SCOTTSDALE RD, SCOTTSDALE, AZ 85255-6594",602-421-7832,Hospital,High,Other Medical,Low
HONORHEALTH CANCER CARE,"10460 N 92ND ST, SCOTTSDALE, AZ 85258-4549",623-238-7630,Hospital,High,Other Medical,Low
HONORHEALTH CANCER CARE,"10460 N 92ND ST STE 40, SCOTTSDALE, AZ 85258-4549",623-238-7673,Hospital,High,Other Medical,Low
HONORHEALTH CANCER CARE,"7695 S RESEARCH DR, TEMPE, AZ 85284-1812",480-587-5493,Hospital,High,Other Medical,Low
HONORHEALTH CANCER CARE,"2222 E HIGHLAND AVE # SUI, PHOENIX, AZ 85016-4872",602-277-4868,Hospital,High,Other Medical,Low
HONORHEALTH CANCER CARE,"10197 N 92ND ST, SCOTTSDALE, AZ 85258-4560",602-943-2391,Hospital,High,Other Medical,Low
HONORHEALTH CANCER TRANSPLANT INSTITUTE,"10460 N 92ND ST STE 300, SCOTTSDALE, AZ 85258-4547",480-323-1573,Hospital,High,Other Medical,Low
HONORHEALTH COMPLETE CARE,"5316 E SHEA BLVD STE 150, SCOTTSDALE, AZ 85254-4725",480-534-4530,Hospital,High,Other Medical,Low
HONORHEALTH COMPLETE CARE,"16575 W WADDELL RD, SURPRISE, AZ 85388-9627",480-587-5108,Hospital,High,Other Medical,Low
HONORHEALTH DIABETES CENTER,"10250 N 92ND ST, SCOTTSDALE, AZ 85258-4510",480-323-4921,Hospital,High,Other Medical,Low
HONORHEALTH DIAGNOSTIC CENTER,"9003 E SHEA BLVD STE WDC, SCOTTSDALE, AZ 85260-6709",480-425-5030,Hospital,High,Other Medical,Low
HONORHEALTH MEDICAL GROUP,"23015 N SCOTTSDALE RD, SCOTTSDALE, AZ 85255-4492",480-587-7456,Hospital,High,Other Medical,Low
HONORHEALTH MEDICAL GROUP,"20950 N TATUM BLVD # B, PHOENIX, AZ 85050-4200",480-587-7434,Hospital,High,Other Medical,Low
HONORHEALTH MEDICATION MANAGEMENT,"10200 N 92ND ST, SCOTTSDALE, AZ 85258-4534",480-882-4327,Hospital,High,Other Medical,Low
HONORHEALTH MEDICATION MANAGMENT,"19841 N 27TH AVE STE 303, PHOENIX, AZ 85027-4011",480-583-4000,Hospital,High,Other Medical,Low
HONORHEALTH OUTPATIENT INFUSION SERVICES,"7242 E OSBORN RD STE 340, SCOTTSDALE, AZ 85251-6494",602-358-2281,Hospital,High,Other Medical,Low
HONORHEALTH OUTPATIENT THERAPY,"19646 N 27TH AVE STE 405, PHOENIX, AZ 85027-4028",623-682-8260,Hospital,High,Other Medical,Low
HONORHEALTH OUTPATIENT THERAPY SERVICES,"1255 W RIO SALADO PKWY, TEMPE, AZ 85281-2816",480-587-6300,Hospital,High,Other Medical,Low
HONORHEALTH OUTPATIENT THERAPY SERVICES,"10320 W MCDOWELL RD, AVONDALE, AZ 85392-4863",570-234-7495,Hospital,High,Other Medical,Low
HONORHEALTH OUTPATIENT THERAPY SERVICES,"3501 N SCOTTSDALE RD # SUI, SCOTTSDALE, AZ 85251-5648",480-882-4608,Hospital,High,Other Medical,Low
HONORHEALTH OUTPATIENT THERAPY SERVICES,"20745 N SCOTTSDALE RD, SCOTTSDALE, AZ 85255-6594",602-683-7033,Hospital,High,Other Medical,Low
HONORHEALTH OUTPATIENT THERAPY SERVICES,"3717 S ROME ST STE 106, GILBERT, AZ 85297-7368",602-443-6480,Hospital,High,Other Medical,Low
HONORHEALTH OUTPATIENT THERAPY SERVICES,"8630 E VIA DE VENTURA STE 101, SCOTTSDALE, AZ 85258-3340",480-433-4760,Hospital,High,Other Medical,Low
HONORHEALTH OUTPATIENT THERAPY SERVICES,"10200 N 92ND ST, SCOTTSDALE, AZ 85258-4534",480-882-5694,Hospital,High,Other Medical,Low
HONORHEALTH OUTPATIENT THERAPY SERVICES,"18404 N TATUM BLVD, PHOENIX, AZ 85032-1510",623-683-7033,Hospital,High,Other Medical,Low
HONORHEALTH OUTPATIENT THERAPY SERVICES,"3654 W ANTHEM WAY STE B, ANTHEM, AZ 85086-0455",623-683-7033,Hospital,High,Other Medical,Low
HONORHEALTH OUTPATIENT THERAPY SERVICES,"6220 W BELL RD STE 140, GLENDALE, AZ 85308-3896",602-349-7668,Hospital,High,Other Medical,Low
HONORHEALTH OUTPATIENT THERAPY SERVICES,"6320 W UNION HILLS DR, GLENDALE, AZ 85308-1096",602-331-7897,Hospital,High,Other Medical,Low
HONORHEALTH OUTPATIENT THERAPY SERVICES,"7242 E OSBORN RD STE 2, SCOTTSDALE, AZ 85251-6487",480-583-3190,Hospital,High,Other Medical,Low
HONORHEALTH OUTPATIENT THERAPY SERVICES,"1761 E WARNER RD STE B, TEMPE, AZ 85284-4558",480-882-5694,Hospital,High,Other Medical,Low
HONORHEALTH OUTPATIENT THERAPY SERVICES,"19636 N 27TH AVE, PHOENIX, AZ 85027-4013",602-349-7668,Hospital,High,Other Medical,Low
HONORHEALTH OUTPATIENT THERAPY SERVICES,"33423 N 32ND AVE, PHOENIX, AZ 85085-8874",888-888-8881,Hospital,High,Other Medical,Low
HONORHEALTH PULMONARY HYPERTENSION CLINIC,"9250 N 3RD ST STE 2, PHOENIX, AZ 85020-2437",602-786-0220,Hospital,High,Other Medical,Low
HONORHEALTH RESEARCH AND INNOVATION INSTITUTE,"10510 N 92ND ST, SCOTTSDALE, AZ 85258-4566",480-354-6677,Hospital,High,Other Medical,Low
HONORHEALTH SLEEP HEALTH CENTER,"7301 E 2ND ST STE 1, SCOTTSDALE, AZ 85251-5600",480-587-5600,Hospital,High,Other Medical,Low
HOPE INTERNATIONAL CARE CENTER,"120 N ARIZONA BLVD, COOLIDGE, AZ 85128-4715",520-788-6420,Rehab,High,Other Medical,Low
HUMURA CARE CENTER,"10220 N 31ST AVE STE 205, PHOENIX, AZ 85051-9563",480-427-1767,Rehab,High,Other Medical,Low
INTERMOUNTAIN HEALTH CENTER,"994 S HARRISON RD, TUCSON, AZ 85748-6608",520-721-1887,Hospital,High,Other Medical,Low
INTERMOUNTAIN HEALTH CENTER,"272 & 276 WEST VIEW POINT DRIV, NOGALES, AZ 85621",520-721-1887,Hospital,High,Other Medical,Low
INTERMOUNTAIN HEALTH CENTER,"5055 E BROADWAY BLVD STE C104, TUCSON, AZ 85711-3641",520-721-1887,Hospital,High,Other Medical,Low
"INTERMOUNTAIN HEALTH CENTERS, INC","3716 E COLUMBIA ST STE 12, TUCSON, AZ 85714-3414",520-721-1887,Hospital,High,Other Medical,Low
"INTERMOUNTAIN HEALTH CENTERS, INC","2028 N TREKELL RD STE 102, CASA GRANDE, AZ 85122-1326",520-721-1887,Hospital,High,Other Medical,Low
KRMC SURGICAL SERVICES - HUALAPAI CAMPUS,"3801 SANTA ROSA DR STE 104, KINGMAN, AZ 86401-2311",928-757-0602,Hospital,High,Other Medical,Low
MARANA HEALTH CENTER MAIN,"13395 N MARANA MAIN ST, MARANA, AZ 85653-7008",520-682-4111,Hospital,High,Other Medical,Low
MARANA HEALTH CENTER OB/GYN,"2055 W HOSPITAL DR, TUCSON, AZ 85704-7892",520-797-0011,Hospital,High,Other Medical,Low
MARIPOSA COMMUNITY HEALTH CENTER INC,"3231 N GRAND AVE, NOGALES, AZ 85621-3905",520-761-2128,Hospital,High,Other Medical,Low
"MARIPOSA COMMUNITY HEALTH CENTER, INC.","1852 N MASTICK WAY, NOGALES, AZ 85621-1063",520-761-2128,Hospital,High,Other Medical,Low
"MARIPOSA COMMUNITY HEALTH CENTER, INC.","101 N TAYLOR LN, PATAGONIA, AZ 85624-9600",520-281-1550,Hospital,High,Other Medical,Low
"MARIPOSA COMMUNITY HEALTH CENTER, INC.","1835 N MASTICK WAY, NOGALES, AZ 85621-1064",520-761-2128,Hospital,High,Other Medical,Low
"MARIPOSA COMMUNITY HEALTH CENTER, INC.","1852 N MASTICK WAY, NOGALES, AZ 85621-1063",520-281-1550,Hospital,High,Other Medical,Low
"MARIPOSA COMMUNITY HEALTH CENTER, INC. AT RIO RICO","1103 CIRCULO MERCADO, RIO RICO, AZ 85648-6248",520-281-1550,Hospital,High,Other Medical,Low
MARIPOSA TUBAC REGIONAL HEALTH CENTER,"2239 E FRONTAGE RD, TUBAC, AZ 85646-9997",520-761-2128,Hospital,High,Other Medical,Low
MAYO CLINIC BUILDING - PHOENIX CAMPUS,"5881 E MAYO BLVD, PHOENIX, AZ 85054-4504",480-342-4201,Hospital,High,Other Medical,Low
MAYO CLINIC BUILDING - SCOTTSDALE CAMPUS,"13400 E SHEA BLVD, SCOTTSDALE, AZ 85259-5452",480-342-4201,Hospital,High,Other Medical,Low
MAYO CLINIC PRIMARY CARE - PHOENIX CAMPUS,"5701 E MAYO BLVD, PHOENIX, AZ 85054-4502",480-342-4201,Hospital,High,Other Medical,Low
MENTAL HEALTH CENTER OF AMERICA,"1745 S ALMA SCHOOL RD STE 145, MESA, AZ 85210-3049",602-820-2240,Hospital,High,Other Medical,Low
"MENTAL HEALTH CENTER OF AMERICA, LLC","7600 N 15TH ST, PHOENIX, AZ 85020-4327",602-704-2345,Hospital,High,Other Medical,Low
MHC WESTSIDE HEALTH CENTER,"1707 W SAINT MARYS RD, TUCSON, AZ 85745-2608",520-682-4111,Hospital,High,Other Medical,Low
MOUNTAIN PARK HEALTH CENTER,"140 N LITCHFIELD RD # SUI, GOODYEAR, AZ 85338-1277",602-323-3435,Hospital,High,Other Medical,Low
MOUNTAIN PARK HEALTH CENTER,"1300 N 48TH ST, PHOENIX, AZ 85008-5803",602-323-3345,Hospital,High,Other Medical,Low
MOUNTAIN PARK HEALTH CENTER - ATKINSON,"4222 N 51ST AVE, PHOENIX, AZ 85031-1908",602-323-3345,Hospital,High,Other Medical,Low
MOUNTAIN PARK HEALTH CENTER - BASELINE,"635 E BASELINE RD, PHOENIX, AZ 85042-6551",602-323-3345,Hospital,High,Other Medical,Low
MOUNTAIN PARK HEALTH CENTER - BASELINE WEST,"303 E BASELINE RD, PHOENIX, AZ 85042-6530",602-323-3345,Hospital,High,Other Medical,Low
MOUNTAIN PARK HEALTH CENTER - CHRISTOWN,"5517 N 17TH AVE, PHOENIX, AZ 85015-2516",602-323-3344,Hospital,High,Other Medical,Low
MOUNTAIN PARK HEALTH CENTER - EAST PHOENIX,"3830 E VAN BUREN ST, PHOENIX, AZ 85008-6920",602-243-7277,Hospital,High,Other Medical,Low
MOUNTAIN PARK HEALTH CENTER - GATEWAY,"3830 E VAN BUREN ST, PHOENIX, AZ 85008-6920",602-323-3345,Hospital,High,Other Medical,Low
MOUNTAIN PARK HEALTH CENTER - GLENDALE,"6975 W GLENDALE AVE, GLENDALE, AZ 85303-2611",602-323-3345,Hospital,High,Other Medical,Low
MOUNTAIN PARK HEALTH CENTER - GOODYEAR,"140 N LITCHFIELD RD # SUI, GOODYEAR, AZ 85338-1277",602-323-3345,Hospital,High,Other Medical,Low
MOUNTAIN PARK HEALTH CENTER - MARYVALE CLINIC,"6601 W THOMAS RD, PHOENIX, AZ 85033-5700",602-323-3345,Hospital,High,Other Medical,Low
MOUNTAIN PARK HEALTH CENTER - MARYVALE MODULAR,"6601 W THOMAS RD, PHOENIX, AZ 85033-5700",602-323-3345,Hospital,High,Other Medical,Low
MOUNTAIN PARK HEALTH CENTER - TEMPE CLINIC,"1840 E BROADWAY RD, TEMPE, AZ 85282-1614",602-323-3270,Hospital,High,Other Medical,Low
MOUNTAIN VIEW CARE CENTER,"1313 W MAGEE RD, TUCSON, AZ 85704-3326",520-797-2600,Rehab,High,Other Medical,Low
NACA FAMILY HEALTH CENTER,"1500 E CEDAR AVE, FLAGSTAFF, AZ 86004-1641",928-773-1245,Hospital,High,Other Medical,Low
NAH HEALTH CENTER - CENTRAL FLAGSTAFF OSC,"1895 N JASPER DR STE 2, FLAGSTAFF, AZ 86001-1632",928-214-2752,Hospital,High,Other Medical,Low
NAH HEALTH CENTER - CENTRAL FLAGSTAFF SPECIALTY CL,"1895 N JASPER DR, FLAGSTAFF, AZ 86001-1631",928-214-2752,Hospital,High,Other Medical,Low
NAH HEALTH CENTER- CENTRAL FLAGSTAFF,"1895 N JASPER DR, FLAGSTAFF, AZ 86001-1631",928-913-8800,Hospital,High,Other Medical,Low
NAU CAMPUS HEALTH SERVICES,"824 S SAN FRANCISCO ST, FLAGSTAFF, AZ 86011",928-523-6343,Hospital,High,Other Medical,Low
NHW COMMUNITY HEALTH CENTER,"2423 W DUNLAP AVE, PHOENIX, AZ 85021-2830",602-279-5351,Hospital,High,Other Medical,Low
NOAH CHOLLA HEALTH CENTER,"8705 E MCDOWELL RD, SCOTTSDALE, AZ 85257-3909",623-696-0076,Hospital,High,Other Medical,Low
NOAH COPPERWOOD HEALTH CENTER,"11851 N 51ST AVE, GLENDALE, AZ 85304-2809",623-255-9710,Hospital,High,Other Medical,Low
NOAH COPPERWOOD II HEALTH CENTER,"11851 N 51ST AVE, GLENDALE, AZ 85304-2809",623-633-4156,Hospital,High,Other Medical,Low
NOAH DESERT MISSION HEALTH CENTER,"9015 N 3RD ST, PHOENIX, AZ 85020-2444",623-696-0076,Hospital,High,Other Medical,Low
NOAH MIDTOWN HEALTH CENTER,"4131 N 24TH ST, PHOENIX, AZ 85016-6262",623-696-0076,Hospital,High,Other Medical,Low
NOAH PALOMINO HEALTH CENTER,"16251 N CAVE CREEK RD, PHOENIX, AZ 85032-2976",480-707-8722,Hospital,High,Other Medical,Low
NOAH VENADO VALLEY HEALTH CENTER,"20440 N 27TH AVE, PHOENIX, AZ 85027-3240",623-696-0076,Hospital,High,Other Medical,Low
"OCCUPATIONAL AND URGENT CARE HEALTH CENTERS, LLC","15236 N 59TH AVE, GLENDALE, AZ 85306-3206",602-272-1162,Hospital,High,Other Medical,Low
ORTIZ COMMUNITY HEALTH CENTER,"12635 W RUDASILL RD, TUCSON, AZ 85743-9724",520-682-3777,Hospital,High,Other Medical,Low
PARSONS FAMILY HEALTH CENTER AT CIRCLE THE CIT,"3522 N 3RD AVE, PHOENIX, AZ 85013-3903",602-776-9000,Hospital,High,Other Medical,Low
PHOENIX CHILDREN'S SPECIALTY CARE-ARROWHEAD CAMPUS,"6524 W SACK DR STE 220, GLENDALE, AZ 85308-7549",602-933-1000,Hospital,High,Other Medical,Low
PHOENIX CHILDREN'S SPECIALTY CARE-ARROWHEAD CAMPUS,"6524 W SACK DR STE 11, GLENDALE, AZ 85308-7178",602-933-0930,Hospital,High,Other Medical,Low
PLANNED PARENTHOOD SOUTHERN ARIZONA REGIONAL HEALT,"2255 N WYATT DR, TUCSON, AZ 85712-2150",520-624-1766,Hospital,High,Other Medical,Low
RADIOLOGY LTD ST MARY'S MEDICAL PLAZA,"395 N SILVERBELL RD # SUI, TUCSON, AZ 85745-2675",469-872-4706,Hospital,High,Other Medical,Low
RELIANCE CARE CENTER LLC,"3921 E BASELINE RD, GILBERT, AZ 85234-2727",304-906-7572,Rehab,High,Other Medical,Low
RIVER PEOPLE HEALTH CENTER,"10901 E MCDOWELL RD, SCOTTSDALE, AZ 85256-5300",480-278-7742,Hospital,High,Other Medical,Low
ROOSEVELT HEALTH CENTER,"3146 E WIER AVE, PHOENIX, AZ 85040-2754",480-858-9100,Hospital,High,Other Medical,Low
SANTA CATALINA HEALTH CENTER,"16701 N ORACLE RD, TUCSON, AZ 85739-9102",520-682-1091,Hospital,High,Other Medical,Low
SOJOURNER HEALTH CENTER,"2224 E FILLMORE ST, PHOENIX, AZ 85006-3815",480-222-9294,Hospital,High,Other Medical,Low
SPECTRUM MEDICAL CARE CENTER,"52 E MONTEREY WAY STE A, PHOENIX, AZ 85012-2628",602-604-9500,Rehab,High,Other Medical,Low
SUN HEALTH CENTER FOR HEALTH & WELLBEING,"14719 W GRAND AVE, SURPRISE, AZ 85374-7203",623-471-9355,Hospital,High,Other Medical,Low
SUN LIFE FAMILY HEALTH CENTER,"1864 E FLORENCE BLVD STE 2, CASA GRANDE, AZ 85122-5504",580-640-5810,Hospital,High,Other Medical,Low
SUN LIFE FAMILY HEALTH CENTER,"23 S MCNAB PKWY, SAN MANUEL, AZ 85631-1156",520-385-2234,Hospital,High,Other Medical,Low
SUN LIFE FAMILY HEALTH CENTER,"205 N STUART BLVD, ELOY, AZ 85131-2507",520-836-3446,Hospital,High,Other Medical,Low
SUN LIFE FAMILY HEALTH CENTER,"10032 E SOUTHERN AVE, MESA, AZ 85209-2759",480-351-2850,Hospital,High,Other Medical,Low
SUN LIFE FAMILY HEALTH CENTER,"174 W HIGHWAY 287, FLORENCE, AZ 85132-8170",520-868-5811,Hospital,High,Other Medical,Low
"SUN LIFE FAMILY HEALTH CENTER, INC.","865 N ARIZOLA RD, CASA GRANDE, AZ 85122-6011",520-836-3446,Hospital,High,Other Medical,Low
"SUN LIFE FAMILY HEALTH CENTER, INC.","1040 W AMERICAN AVE, ORACLE, AZ 85623-6089",520-896-2092,Hospital,High,Other Medical,Low
"SUN LIFE FAMILY HEALTH CENTER, INC.","1284 N ARIZONA BLVD, COOLIDGE, AZ 85128-3206",520-723-9131,Hospital,High,Other Medical,Low
"SUN LIFE FAMILY HEALTH CENTER, INC.","44572 W BOWLIN RD, MARICOPA, AZ 85138-4558",520-836-3446,Hospital,High,Other Medical,Low
SUNSET COMMUNITY HEALTH CENTER,"2060 W 24TH ST, YUMA, AZ 85364-6123",928-344-4216,Hospital,High,Other Medical,Low
SUNSET COMMUNITY HEALTH CENTER - SAN LUIS,"815 E CESAR CHAVEZ BLVD, SAN LUIS, AZ 85336",928-627-3822,Hospital,High,Other Medical,Low
"SUNSET COMMUNITY HEALTH CENTER, INC","675 SOUTH AVENUE B, BUILDING, YUMA, AZ 85364",928-819-8999,Hospital,High,Other Medical,Low
"SUNSET COMMUNITY HEALTH CENTER, INC.","115 N SOMERTON AVE, SOMERTON, AZ 85350",928-819-8999,Hospital,High,Other Medical,Low
"SUNSET COMMUNITY HEALTH CENTER, INC.","10425 S WILLIAMS ST, WELLTON, AZ 85356",928-819-8999,Hospital,High,Other Medical,Low
"SUNSET COMMUNITY HEALTH CENTER, INC.","2060 W 24TH ST, YUMA, AZ 85364-6123",928-819-8999,Hospital,High,Other Medical,Low
"THE MARK YOUTH AND FAMILY CARE CAMPUS, INC","4653 E PIMA ST, TUCSON, AZ 85712-3437",520-326-6182,Hospital,High,Other Medical,Low
THE STONE COMMUNITY HEALTH CENTER LLC,"423 N COUNTRY CLUB DR, MESA, AZ 85201-5717",480-276-0689,Hospital,High,Other Medical,Low
TOCA AT BANNER HEALTH GLENDALE,"18700 N 64TH DR, GLENDALE, AZ 85308-7109",602-536-7480,Hospital,High,Other Medical,Low
TOCA AT BANNER HEALTH PHOENIX,"2222 E HIGHLAND AVE # SUI, PHOENIX, AZ 85016-4872",602-483-6165,Hospital,High,Other Medical,Low
TOCA AT BANNER HEALTH SCOTTSDALE,"9377 E BELL RD STE 231, SCOTTSDALE, AZ 85260-1503",602-277-6211,Hospital,High,Other Medical,Low
TOCA AT BANNER HEALTH TEMPE,"5002 S MILL AVE, TEMPE, AZ 85282-6828",602-277-6211,Hospital,High,Other Medical,Low
TRI-STATE COMMUNITY HEALTHCARE CENTER,"8700 S HIGHWAY 95, MOHAVE VALLEY, AZ 86440-8519",928-768-7113,Rehab,High,Other Medical,Low
UNITED COMM HEALTH CENTER AT SAHUARITA HEIGHTS,"2875 E SAHUARITA RD, SAHUARITA, AZ 85629-9434",520-576-5770,Hospital,High,Other Medical,Low
UNITED COMMUNITY HEALTH CENTER - MARIA AUXILIADORA,"17388 W 3RD ST, ARIVACA, AZ 85601-0284",520-407-5500,Hospital,High,Other Medical,Low
UNITED COMMUNITY HEALTH CENTER AT AMADO,"28720 S NOGALES HWY, AMADO, AZ 85645-9997",520-407-5510,Hospital,High,Other Medical,Low
UNITED COMMUNITY HEALTH CENTER AT CONTINENTAL PEDI,"1150 E WHITEHOUSE CANYON RD, GREEN VALLEY, AZ 85614-0560",520-407-5800,Hospital,High,Other Medical,Low
UNITED COMMUNITY HEALTH CENTER AT FREEPORT MCMORAN,"1260 S CAMPBELL AVE, GREEN VALLEY, AZ 85614-0504",520-407-5600,Hospital,High,Other Medical,Low
UNITED COMMUNITY HEALTH CENTER AT LA CANADA PEDIAT,"18857 S LA CANADA DR, SAHUARITA, AZ 85629-7990",520-407-5800,Hospital,High,Other Medical,Low
UNITED COMMUNITY HEALTH CENTER AT LA POSADA,"670 S PARK CENTRE AVE, GREEN VALLEY, AZ 85614-2132",520-648-8900,Hospital,High,Other Medical,Low
UNITED COMMUNITY HEALTH CENTER AT OLD VAIL MIDDLE,"13299 E COLOSSAL CAVE RD, VAIL, AZ 85641-9001",520-407-5600,Hospital,High,Other Medical,Low
UNITED COMMUNITY HEALTH CENTER AT SANTA CRUZ VALLE,"4475 S I 19 FRONTAGE RD, GREEN VALLEY, AZ 85614-6335",520-407-5910,Hospital,High,Other Medical,Low
UNIVERSITY OF ARIZONA CAMPUS HEALTH SERVICE,"1224 E LOWELL ST, TUCSON, AZ 85721-0499",520-621-6489,Hospital,High,Other Medical,Low
URGENT PSYCHIATRIC CARE CENTER,"1201 S 7TH AVE STE 1, PHOENIX, AZ 85007-3913",602-416-7687,Rehab,High,Other Medical,Low
URGENT PSYCHIATRIC CARE CENTER - UPC CLINIC,"1201 S 7TH AVE STE 1, PHOENIX, AZ 85007-3913",602-416-7600,Rehab,High,Other Medical,Low
URGENT PSYCHIATRIC CARE CENTER - UPC OBS,"1201 S 7TH AVE STE 1, PHOENIX, AZ 85007-3913",602-560-1889,Rehab,High,Other Medical,Low
URGENT PSYCHIATRIC CARE CENTER - UPC STIU,"1201 S 7TH AVE STE 1, PHOENIX, AZ 85007-3913",602-560-1889,Rehab,High,Other Medical,Low
VALLEYWISE COMMUNITY HEALTH CENTER - AVONDALE,"950 E VAN BUREN ST, AVONDALE, AZ 85323-1506",623-344-6800,Hospital,High,Other Medical,Low
VALLEYWISE COMMUNITY HEALTH CENTER - AVONDALE FIRS,"950 E VAN BUREN ST, AVONDALE, AZ 85323-1506",623-344-6860,Hospital,High,Other Medical,Low
VALLEYWISE COMMUNITY HEALTH CENTER - CHANDLER,"811 S HAMILTON ST, CHANDLER, AZ 85225-6308",480-344-6100,Hospital,High,Other Medical,Low
VALLEYWISE COMMUNITY HEALTH CENTER - GUADALUPE,"5825 E CALLE GUADALUPE, GUADALUPE, AZ 85283-2664",480-344-6000,Hospital,High,Other Medical,Low
VALLEYWISE COMMUNITY HEALTH CENTER - MCDOWELL,"1101 N CENTRAL AVE STE 2, PHOENIX, AZ 85004-1808",602-344-6557,Hospital,High,Other Medical,Low
VALLEYWISE COMMUNITY HEALTH CENTER - MESA,"950 E MAIN ST, MESA, AZ 85203-8820",480-344-6200,Hospital,High,Other Medical,Low
VALLEYWISE COMMUNITY HEALTH CENTER - MESA BEHAVIOR,"950 E MAIN ST, MESA, AZ 85203-8820",480-344-6270,Hospital,High,Other Medical,Low
VALLEYWISE COMMUNITY HEALTH CENTER - NORTH PHOENIX,"2025 W NORTHERN AVE, PHOENIX, AZ 85021-5157",602-655-6300,Hospital,High,Other Medical,Low
VALLEYWISE COMMUNITY HEALTH CENTER - SOUTH CENTRAL,"33 W TAMARISK ST, PHOENIX, AZ 85041-2422",602-344-6400,Hospital,High,Other Medical,Low
VALLEYWISE COMMUNITY HEALTH CENTER - WEST MARYVAL,"7808 W THOMAS RD, PHOENIX, AZ 85033-5481",602-655-6900,Hospital,High,Other Medical,Low
VALLEYWISE COMMUNITY HEALTH CENTER-MCDWELL DENTAL,"1101 N CENTRAL AVE # SUI, PHOENIX, AZ 85004-1808",602-344-8717,Hospital,High,Other Medical,Low
VALLEYWISE COMMUNITY HEALTH CENTER-SOUTH PHOENIX/L,"5650 S 35TH AVE, PHOENIX, AZ 85041-3531",602-344-6400,Hospital,High,Other Medical,Low
VALLEYWISE COMPREHENSIVE HEALTH CENTER- PHOENIX,"2601 E ROOSEVELT ST, PHOENIX, AZ 85008-4973",602-344-1601,Hospital,High,Other Medical,Low
VALLEYWISE COMPREHENSIVE HEALTH CENTER-PEORIA,"8088 W WHITNEY DR, PEORIA, AZ 85345-6564",623-344-6781,Hospital,High,Other Medical,Low
VALLEYWISE COMPREHENSIVE HEALTH CENTER-PEORIA OUTP,"8088 W WHITNEY DR, PEORIA, AZ 85345-6564",602-655-2330,Hospital,High,Other Medical,Low
VALLEYWISE COMPREHENSIVE HEALTH CENTER-PEORIA SURG,"8088 W WHITNEY DR, PEORIA, AZ 85345-6564",602-655-2340,Hospital,High,Other Medical,Low
WESLEY COMMUNITY AND HEALTH CENTERS,"5845 E STILL CIR STE 1, MESA, AZ 85206-3607",602-257-4323,Hospital,High,Other Medical,Low
WESLEY COMMUNITY AND HEALTH CENTERS INC,"1510 S 19TH DR STE 1, PHOENIX, AZ 85009-6540",602-257-4323,Hospital,High,Other Medical,Low
WESLEY HEALTH CENTER,"1625 N 39TH AVE, PHOENIX, AZ 85009-2149",602-257-4323,Hospital,High,Other Medical,Low
"WESLEY HEALTH CENTER, INC.","1300 S 10TH ST, PHOENIX, AZ 85034-4516",602-257-4323,Hospital,High,Other Medical,Low
WILMOT FAMILY HEALTH CENTER,"899 N WILMOT RD, TUCSON, AZ 85711-1714",520-290-1100,Hospital,High,Other Medical,Low
"WINSLOW INDIAN HEALTH CARE CENTER, INC.","1527 N PARK DR, WINSLOW, AZ 86047-2517",928-289-6239,Rehab,High,Other Medical,Low
WOMEN'S HEALTH CENTER,"151 S OAK AVE STE 3, SAN LUIS, AZ 85336-0756",928-662-0412,Hospital,High,Other Medical,Low
